{
    "formatVersion": 1,
    "passTypeIdentifier": "pass.com.angus-systems.vs",
    "serialNumber": "nmyuxofgna",
    "teamIdentifier": "NT385FNA76",
    "webServiceURL": "https://example.com/passes/",
    "authenticationToken": "vxwxd7J8AlNNFPS8k0a0FfUFtq0ewzFdc",
    "relevantDate": "2011-12-08T13:00-08:00",
    "locations": [{
            "longitude": -122.3748889,
            "latitude": 37.6189722
        },
        {
            "longitude": -122.03118,
            "latitude": 37.33182
        }
    ],
    "barcode": {
        "message": "123456789",
        "format": "PKBarcodeFormatPDF417",
        "messageEncoding": "iso-8859-1"
    },
    "organizationName": "Apple Inc.",
    "description": "Apple Event Ticket",
    "foregroundColor": "rgb(255, 255, 255)",
    "backgroundColor": "rgb(60, 65, 76)",
    "eventTicket": {
        "primaryFields": [{
            "key": "event",
            "label": "EVENT",
            "value": "The Beat Goes On Modified"
        }],
        "secondaryFields": [{
            "key": "loc",
            "label": "LOCATION",
            "value": "Moscone West"
        }]
    }
}